"Stage 1. Fit Out Design, Construct - Rev 1 (Authorised Items)",,,,
,,,,
Ground Level Unisex PWD Toilet,Material,Labour,Total,Margin
Plumbing Supplies,,,,
Supply PWD compliant toilet suite,1/ea,0/hr,"$1,235.42"," $1,482.50 "
Supply PWD compliant vanity and tapware,1/ea,0/hr,$264.76, $317.71 
Supply PWD compliant hand and grab rails.,1/ea,0/hr,$380.06, $456.07 
"Supply Paper towel dispenser, soap dispenser and mirror.",1/ea,0/hr,$863.56," $1,036.27 "
Supply PWD Compliant shower,1/ea,0/hr,"$1,105.53"," $1,326.64 "
Supply Signage as required for a PWD wet area.,1/ea,0/hr,$92.11, $110.53 
Flooring Contractor,,,, $-   
"Supply and install vinyl flooring including coved skirting
Polyflor Apex Vinyl - Colour TBC
150mm Coved skiting",9/m2,1/ea,"$1,820.00"," $2,184.00 "
Supply and install wall vinyl to shower recess,9/m2,0/m2,"$1,557.00"," $1,868.40 "
"Supply and Install Screeding to PWD room - Allowance for entire room

Engineered bed up to 40mm thick, falls to waste
1 x Floor Waste Drain",0/ea,1/ea,"$1,830.00"," $2,196.00 "
Skim coat to concrete slab areas,0/ea,1/ea,$390.00, $468.00 
Waterproofing,,,, $-   
"Supply and install waterproofing to wet areas.
Waterprooﬁng of the wet area to be in accordance with AS 3740:2021 and the requirements of the National Construction Code.
Form 12 to be supplied",0/ea,14/m2,"$1,722.00"," $2,066.40 "
Carpentry,,,, $-   
Supply and install metal stud wall framing including nogging for wall hung services,10/lm,3/hr,"$2,450.00"," $2,940.00 "
Architrave - Supply and install to match existing profile up to 66mm - excluding hardwood.,0/ea,12/lm,$180.00, $216.00 
Install solicore door,0/ea,2/hr,"$1,000.00"," $1,200.00 "
Insulation,,,, $-   
Supply and install wall and ceiling insulation - R1.5,32/m2,0/hr,$320.00, $384.00 
Plastering,,,, $-   
"Supply and install 13mm water resistant plasterboard, set and sand ready for paint
Walls and ceiling",33/m2,0/hr,"$1,320.00"," $1,584.00 "
Allowance for square set ceiling and wall junction,11/lm,0/hr,$165.00, $198.00 
Supply and install ceiling battens,20/lm,0/hr,$200.00, $240.00 
Painting,,,, $-   
Prepare and paint with a two coat system all walls and ceilings,56/m2,0/hr,"$1,400.00"," $1,680.00 "
Materials,,,, $-   
"Supply and deliver 2040 x 920 x 35 Hume Solicore door
Includes jamb and hardware",1/ea,0/hr,$484.00, $580.80 
"$18,779.44",,,, $-   
,,,, $-   
Ground Level Wash Up / Store,Material,Labour,Total,#VALUE!
General Note,,,, $-   
Ceiling not required,0/ea,1/Note,$0.00, $-   
Flooring Contractor,,,, $-   
"Supply and install vinyl flooring including coved skirting
Polyflor Apex Vinyl - Colour TBC
150mm Coved skiting",7/m2,0/hr,"$1,190.00"," $1,428.00 "
Plumbing Supplies,,,, $-   
Supply and deliver full length stainless steel bench with sink,1/ea,0/hr,"$2,153.84"," $2,584.61 "
"Supply Soap dispenser, paper towel dispenser, mirror",1/ea,0/hr,$574.88, $689.86 
Supply 6 No. coat hooks to wall opposite the sink.,6/ea,0/hr,$43.68, $52.42 
Supply and deliver 50L Elec HWS,1/ea,0/hr,$512.04, $614.45 
Carpentry,,,, $-   
"Install Cladding to wall elevations as required.
9mm Versilux",0/m2,6/hr,"$3,000.00"," $3,600.00 "
Painting,,,, $-   
Prepare and paint exterior cladding,17/ea,0/hr,$476.00, $571.20 
Materials,,,, $-   
Supply and deliver Versilux,19/m2,0/hr,$722.00, $866.40 
"$8,672.44",,,, $-   
,,,, $-   
Ground Level Staff Room,Material,Labour,Total,#VALUE!
Plastering,,,, $-   
"Supply, sheet, set and sand ready for paint wall and ceiling linings
13mm plasterboard",81/m2,0/hr,"$3,240.00"," $3,888.00 "
Allowance for square set ceiling and wall junction,18/lm,0/hr,$270.00, $324.00 
Supply and install ceiling battens,48/lm,0/hr,$480.00, $576.00 
Carpentry,,,, $-   
"Install Cladding to wall elevations as required.
9mm Versilux",0/m2,8/hr,"$4,000.00"," $4,800.00 "
Supply and install metal stud wall framing including nogging for wall hung services,20/lm,8/hr,"$4,300.00"," $5,160.00 "
Supply and install architraves to door,12/lm,0/hr,$180.00, $216.00 
Insulation,,,, $-   
Wall and ceiling insulation to at R 1.5.,44/m2,0/hr,$440.00, $528.00 
Flooring Contractor,,,, $-   
"Supply and install vinyl flooring including coved skirting
Polyflor Apex Vinyl - Colour TBC
150mm Coved skiting",23/m2,0/hr,"$3,910.00"," $4,692.00 "
Joinery,,,, $-   
Supply and install adjustable shelving unit to elevation F.,1/ea,0/hr,"$4,200.00"," $5,040.00 "
Supply and install Kitchen Joinery to elevation E.,1/ea,0/hr,"$16,800.00"," $20,160.00 "
Doors,,,, $-   
Supply and install aluminium slider with adjacent ﬁxed light.,1/ea,0/hr,"$1,680.00"," $2,016.00 "
Painting,,,, $-   
Prepare and paint with a two coat system all walls and ceilings,64/m2,0/hr,"$1,600.00"," $1,920.00 "
Prepare and paint exterior cladding,38/m2,0/hr,"$1,064.00"," $1,276.80 "
Plumbing Supplies,,,, $-   
Supply and deliver paper towel dispenser,1/ea,0/hr,$138.97, $166.76 
Supply and deliver hot / cold zip tap,1/ea,0/hr,"$5,130.20"," $6,156.24 "
Supply and deliver sink and mixer,1/ea,0/hr,$217.18, $260.62 
Materials,,,, $-   
Supply and deliver 9mm Versilux,43/m2,0/hr,"$1,634.00"," $1,960.80 "
"$49,284.35",,,, $-   
,,,, $-   
Workshop Administration,Material,Labour,Total,#VALUE!
General Note,,,, $-   
Ceiling not required.,0/ea,1/Note,$0.00, $-   
Dividing nib walls do not require insulation.,0/ea,1/Note,$0.00, $-   
Frame and wall covering included in staff room allowance,0/ea,1/Note,$0.00, $-   
No allowance for flooring to this area,0/ea,1/ea,$0.00, $-   
Joinery,,,, $-   
"Supply and install Shelving and work bench to elevation G.
Adjustable shelving allowed for",1/ea,0/hr,"$2,100.00"," $2,520.00 "
Supply and install Laminex benchtop,1/ea,0/hr,"$2,100.00"," $2,520.00 "
Painting,,,, $-   
Prepare and paint all walls not covered by joinery,10/m2,0/hr,$250.00, $300.00 
"$4,450.00",,,, $-   
,,,, $-   
Level 1 Office,Material,Labour,Total,#VALUE!
Plastering,,,, $-   
"Supply, sheet, set and sand ready for paint wall and ceiling linings
13mm plasterboard",95/m2,0/hr,"$3,800.00"," $4,560.00 "
Allowance for square set ceiling and wall junction,26/lm,0/hr,$390.00, $468.00 
Supply and install suspended ceiling system,1/ea,0/hr,"$3,525.00"," $4,230.00 "
Carpentry,,,, $-   
Supply and install metal stud wall framing including nogging for wall hung services,26/lm,8/hr,"$6,470.00"," $7,764.00 "
Supply and install solid core door with glazed panel and key locked,1/ea,3/hr,"$2,275.00"," $2,730.00 "
Supply and install timber skirting 42mm,26/lm,0/hr,$390.00, $468.00 
Supply and install timber architraves,24/lm,0/hr,$360.00, $432.00 
"Install Cladding to wall elevations as required.
9mm Versilux",0/m2,10/hr,"$5,000.00"," $6,000.00 "
Insulation,,,, $-   
Wall and ceiling insulation to be R 1.5.,95/m2,0/hr,$950.00," $1,140.00 "
Flooring Contractor,,,, $-   
Supply and Install Vinyl Planks; Polyflor - MiPlank (177.8 x 1219.2mm) - Colour TBD,35/m2,1/ea,"$3,930.00"," $4,716.00 "
Supply and install silicone to vinyl planks,0/ea,1/ea,$370.00, $444.00 
"Sand, Prime and Skim to yellow tongue",0/ea,1/ea,$660.00, $792.00 
Windows,,,, $-   
Supply and install aluminium slider windows x 2,2/ea,0/hr,"$1,512.00"," $1,814.40 "
Joinery,,,, $-   
Supply and install adjustable shelving to elevation 2,1/ea,0/hr,"$3,150.00"," $3,780.00 "
"Supply and install office desks / benches to elevation 3, 4.",1/ea,0/hr,"$5,699.40"," $6,839.28 "
Painting,,,, $-   
Prepare and paint all wall and ceiling linings,95/m2,0/hr,"$2,375.00"," $2,850.00 "
Prepare and paint external cladding,71/ea,0/hr,"$1,988.00"," $2,385.60 "
Materials,,,, $-   
Supply and deliver 9mm Versilux,78/m2,0/hr,"$3,112.20"," $3,734.64 "
Balustrade,,,, $-   
Supply and install custom steel balustrade,1/ea,0/hr,"$8,295.00"," $9,954.00 "
"$54,251.60",,,, $-   
,,,, $-   
Preliminaries,Material,Labour,Total,#VALUE!
Supervision,,,, $-   
Site Supervision,0/ea,60/hr,"$5,700.00"," $6,840.00 "
Preliminaries,,,, $-   
Qleave Levy,1/ea,0/Note,"$1,080.00"," $1,296.00 "
"On site safety equipment
- Fire extinguisher
- First aid kit
- Bollards and safety rope edge
- Site Signage",1/ea,0/hr,$200.00, $240.00 
Comprehensive safety plan,0/ea,4/hr,$380.00, $456.00 
Delivery/Freight,,,, $-   
Material logistics and delivery charges,0/ea,1/ea,$750.00, $900.00 
Waste Removal,,,, $-   
Skip bin 6m3,2/ea,0/hr,"$1,400.00"," $1,680.00 "
Cleaning,,,, $-   
"Builders clean upon completion of works
Include light clean of workshop floor area",0/ea,1/ea,"$2,000.00"," $2,400.00 "
Materials,,,, $-   
"Fixings, joint strips, glue, Hardie hardware, consumables",1/ea,0/hr,"$2,500.00"," $3,000.00 "
Safety/Access Equipment,,,, $-   
"Rental and delivery of scissor lift
9.7m Diesel / electric",3/wk,2/ea,"$4,829.00"," $5,794.80 "
"Mobile scaffold
Rental and delivery",2/wk,2/ea,"$1,208.00"," $1,449.60 "
Harness system when building mezzanine walls,1/ea,0/hr,$200.00, $240.00 
Protection,,,, $-   
Floor protection to timber stairs,1/ea,2/hr,$260.00, $312.00 
Equipment Hire,,,, $-   
"Portable toilet - Supply, deliver, service and removal for on site as required
9 x pump outs - every fortnight",17/wk,1/ea,"$2,228.00"," $2,673.60 "
"Rumble Grid
Rental of 1 rumble grid 4m wide x 2m deep.
Includes delivery and pickup",17/wk,1/ea,"$3,150.00"," $3,780.00 "
Sediment Control,,,, $-   
Supply and install sediment control as per plans,155/lm,8/hr,"$1,680.50"," $2,016.60 "
"$27,565.50",,,, $-   
,,,, $-   
General Notes,Material,Labour,Total,#VALUE!
General Note,,,, $-   
Allowed for qty's only as noted in this scope of works. Any additional qty's required may incur additional cost in way of variation,0/ea,1/Note,$0.00, $-   
"Pricing valid for 60 days, periodic review of costings required due to market conditions.",0/ea,1/Note,$0.00, $-   
ALL SANITARYWARE ITEMS WILL NEED TO BE SIGNED OFF ON BY CLIENT PRIOR TO ORDERING,0/ea,1/Note,$0.00, $-   
Site access and working hours allowed for are: 6:30am - 5:00pm Mon to Fri excluding public holidays Saturday work will be requested and discussed if required,0/ea,1/Note,$0.00, $-   
"No allowance for any other trades or consultants unless noted herein, if any other trades or consultants required variation may apply",0/ea,1/Note,$0.00, $-   
Exclusions,,,, $-   
"- Latent conditions
- No allowance for asbestos removal
- No allowance any additional works
- Certification",0/ea,1/Note,$0.00, $-   
"- Plumbing and Drainage (other supply of plumbing fixtures noted herein).
- Electrical.
- Mechanical.
- Termite treatment.
- Concrete paving to the north, south and east sides of the main shed.
- Concrete paving to the main entry .
- Hardstand to the north side forecourt of the workshop.
- Line marking.
- Wheel stops.
- Bollards.
- Bin enclosure.
- Bicycle racks.
- Landscaping.
- Bicycle rack parking
- Floor finishes to timber stairs
- Handrails to stairs
- The main shed structure, envelope and roller doors.
- The main shed concrete ﬂoor slab.
- Mezzanine ﬂooring. Yellow tongue particle board ﬂooring.
- Stair treads from ground to upper mezzanine office
- The wash bay roof structure and roof sheeting.
- Supply and install of the wash bay.",0/ea,1/Note,$0.00, $-   
"Pluming works
Plumbing fixtures have been allowed for supply only, no allowance to install",0/ea,1/Note,$0.00, $-   
Temporary Fence - it is assumed the site is fenced and shed can be locked for duration of works,0/ea,1/Note,$0.00, $-   
$0.00,,,, $-   
,,,, $-   
Totals,,,Totals,#VALUE!
Sub Total,,,"$163,003.33"," $195,604.00 "
Margin,,,"$32,600.67"," $39,120.80 "
GST,,,"$19,560.40"," $23,472.48 "
Total,,,"$215,164.40"," $258,197.28 "
